{
  "final_loss": {
    "L_pde": 0.0407341793179512,
    "L_tc": 0.03437400236725807,
    "L_ic": 0.010127667337656021,
    "L_total": 0.39460185170173645,
    "epsilon": 0.001,
    "V_mean": 44.766178131103516,
    "residual_max": 2.7441747188568115
  },
  "n_epochs_logged": 40000,
  "device": "cuda",
  "quick": false
}